[{"name":null,"phone_number":null,"e-mail":null,"username":null,"gender":null,"dob":null,"visiting_date":null,"visiting_time":null,"visiting_hospital":null},{"name":null,"phone_number":null,"e-mail":null,"username":null,"gender":null,"dob":null,"visiting_date":null,"visiting_time":null,"visiting_hospital":null},{"name":null,"phone_number":null,"e-mail":null,"username":null,"gender":null,"dob":null,"visiting_date":null,"visiting_time":null,"visiting_hospital":null},{"name":null,"phone_number":null,"e-mail":null,"username":null,"gender":null,"dob":null,"visiting_date":null,"visiting_time":null,"visiting_hospital":null},{"name":null,"phone_number":null,"e-mail":null,"username":null,"gender":null,"dob":null,"visiting_date":null,"visiting_time":null,"visiting_hospital":null},{"name":null,"phone_number":null,"e-mail":null,"username":null,"gender":null,"dob":null,"visiting_date":null,"visiting_time":null,"visiting_hospital":null},{"name":null,"phone_number":null,"e-mail":null,"username":null,"gender":null,"dob":null,"visiting_date":null,"visiting_time":null,"visiting_hospital":null},{"name":null,"phone_number":null,"e-mail":null,"username":null,"gender":null,"dob":null,"visiting_date":null,"visiting_time":null,"visiting_hospital":null},{"name":null,"phone_number":null,"e-mail":null,"username":null,"gender":null,"dob":null,"visiting_date":null,"visiting_time":null,"visiting_hospital":null},{"name":null,"phone_number":null,"e-mail":null,"username":null,"gender":null,"dob":null,"visiting_date":null,"visiting_time":null,"visiting_hospital":null},{"name":null,"phone_number":null,"e-mail":null,"username":null,"gender":null,"dob":null,"visiting_date":null,"visiting_time":null,"visiting_hospital":null},{"name":null,"phone_number":null,"e-mail":null,"username":null,"gender":null,"dob":null,"visiting_date":null,"visiting_time":null,"visiting_hospital":null},{"name":null,"phone_number":null,"e-mail":null,"username":null,"gender":null,"dob":null,"visiting_date":null,"visiting_time":null,"visiting_hospital":null},{"name":null,"phone_number":null,"e-mail":null,"username":null,"gender":null,"dob":null,"visiting_date":null,"visiting_time":null,"visiting_hospital":null},{"name":null,"phone_number":null,"e-mail":null,"username":null,"gender":null,"dob":null,"visiting_date":null,"visiting_time":null,"visiting_hospital":null},{"name":null,"phone_number":null,"e-mail":null,"username":null,"gender":null,"dob":null,"visiting_date":null,"visiting_time":null,"visiting_hospital":null}]