[{"name":"Mazharul Islam","phone_number":null,"e-mail":"mynameis.shimul@gmail.com","username":"its testing","gender":"other","dob":"2021-10-13","visiting_date":"2021-10-27","visiting_time":"20:08","visiting_hospital":"Dhaka hospital"},{"name":"Mazharul Islam","phone_number":"01537139438","e-mail":"mynameis.shimul@gmail.com","username":"xcj1 boss","gender":"male","dob":"2021-10-19","visiting_date":"2021-10-13","visiting_time":"17:35","visiting_hospital":"Dhaka hospital"},{"name":"Mazharul Islam","phone_number":"01537139438","e-mail":"mynameis.shimul@gmail.com","username":"xcj1 boss","gender":"male","dob":"2021-10-19","visiting_date":"2021-10-13","visiting_time":"17:35","visiting_hospital":"Dhaka hospital"},{"name":"Islam","phone_number":"01537139438","e-mail":"mynameis.shimul@gmail.com","username":"its testing","gender":"other","dob":"2021-10-13","visiting_date":"2021-10-18","visiting_time":"18:09","visiting_hospital":"Dhaka hospital"}]