[{"name":"ratan tata","username":"ratan tata","email":"mynameis.shimul@gmail.com","phone_number":"01537139438","location":"natore,rajshahi","password":"#12345678","confirm_password":"#12345678","gender":"Male","registrationid":"01720981610","blood_group":"None","specialist":"None"},{"name":"sojoy boss","username":"sojoy boss","email":"aac@gmail.com","phone_number":"01538139438","location":"coxs bazar","password":" !12345678#","confirm_password":" !12345678#","gender":"Male","registrationid":"01721981612","blood_group":"AB+","specialist":"Anesthetics"}]